Waffe, Anzahl, Stückverkauf, Magazin, Magazinverkauf, Anteil an Toden, Anteil an Schaden
Schlagring, 1661, 83050, 0, 0, 0, 0.3
Desert Eagle, 35439, 40754850, 854997.93000027, 5984985.5100019, 59.8, 44
Jagd-Gewehr, 9762, 12202500, 805429, 3221716, 0.5, 3
MP5, 15399, 15399000, 454968, 18198720, 3.8, 6.6
AK-47, 3881, 7179850, 212838, 6385140, 0.7, 1.6
M4, 14637, 36592500, 564917, 33895020, 7.1, 17.3
9mm Pistole, 5217, 2347650, 249879, 3748185, 0.2, 0.7
Schutzweste, 46943, 7041450, 0, 0, 1, 16.2
Schrotflinte, 5677, 5109300, 250807, 501614, 0.3, 0.8
